Disease,Antigen,Epitopes
Influenza A,Hemagglutinin,"YQRLV,GLFGA"
Influenza A,Neuraminidase,"KLNSR,RGLVQ"
COVID-19,Spike Protein,"QPTESIVR,RSFIED"
COVID-19,Nucleocapsid,"FLLPSLAT,VTLPAAD"
Tuberculosis,ESAT-6,"MTEQQ,QNFER"
Tuberculosis,CFP-10,"QWNFAG,AGQAAN"
Hepatitis B,HBsAg,IPQSLDSWWT
Hepatitis B,HBcAg,LLDTASALY
HIV,gp120,"RIHIGPGRAFY,NNRTSL"
HIV,gp41,FLGKIWPS
Dengue,Envelope Protein,"KVRKDTQ,PRTQDK"
Dengue,NS1,"TTQSKVQ,PSGDNV"
Malaria,MSP1,"NYSVLY,ETQNYI"
Malaria,AMA1,"SNPVVDS,FLKNDK"
Zika,Envelope,"PQERVK,DLISLL"
Zika,NS5,"YVIKKDG,NLRRGN"
Ebola,Glycoprotein,"DKIWLVQ,KRSPSV"
Ebola,VP40,"TSGKKL,LSGKLM"
HPV,L1,"KLKDLV,KIVRNN"
HPV,E6,"EAQYLR,FQLLRG"
Chikungunya,E2 glycoprotein,"RLGVLA,KQNVAT"
Chikungunya,Capsid protein,"WLRNTT,DQKNYT"
Rabies,Glycoprotein G,"LVRQGT,PSRFGD"
Rabies,Nucleoprotein,"QPGAGP,SRGFSF"
MERS,Spike Protein,"TPRSVL,IRGLVT"
MERS,Envelope,"NLTKGV,LKNSQI"
SARS,Spike Protein,"RSFIED,SVLQDL"
SARS,Nucleocapsid,"KQLIKG,FGYFKI"
Yellow Fever,Envelope,"TIRLVE,NKLTPV"
Yellow Fever,NS3,"YLLNRG,KFTVDR"
